Datetime,Water Level (m)
2026-10-04 06:00:00,0.50324893
2026-10-04 07:00:00,0.35324302
2026-10-04 08:00:00,0.20781128
2026-10-04 09:00:00,0.077728406
2026-10-04 10:00:00,-0.019673942
2026-10-04 11:00:00,-0.057163805
2026-10-04 12:00:00,0.031403396
2026-10-04 13:00:00,0.15744981
2026-10-04 14:00:00,0.28149465
2026-10-04 15:00:00,0.42306486
2026-10-04 16:00:00,0.53942454
2026-10-04 17:00:00,0.5503944
2026-10-04 18:00:00,0.47243887
2026-10-04 19:00:00,0.37500435
2026-10-04 20:00:00,0.25664213
2026-10-04 21:00:00,0.1384169
2026-10-04 22:00:00,0.046282664
2026-10-04 23:00:00,0.028306989
2026-10-05 00:00:00,0.19079061
2026-10-05 01:00:00,0.31121
2026-10-05 02:00:00,0.44105992
2026-10-05 03:00:00,0.6090805
2026-10-05 04:00:00,0.7941671
2026-10-05 05:00:00,0.9137681
2026-10-05 06:00:00,0.9049474
2026-10-05 07:00:00,0.79877365
2026-10-05 08:00:00,0.6689381
2026-10-05 09:00:00,0.5182255
2026-10-05 10:00:00,0.35533735
2026-10-05 11:00:00,0.19683777
2026-10-05 12:00:00,0.06741704
2026-10-05 13:00:00,0.018575856
2026-10-05 14:00:00,0.18362941
2026-10-05 15:00:00,0.320392
2026-10-05 16:00:00,0.47409743
2026-10-05 17:00:00,0.63995
2026-10-05 18:00:00,0.732205
2026-10-05 19:00:00,0.68568695
2026-10-05 20:00:00,0.5923691
2026-10-05 21:00:00,0.48244557
2026-10-05 22:00:00,0.3483308
2026-10-05 23:00:00,0.21329576
2026-10-06 00:00:00,0.09755669
2026-10-06 01:00:00,0.075888366
2026-10-06 02:00:00,0.33024946
2026-10-06 03:00:00,0.45957586
2026-10-06 04:00:00,0.6162098
2026-10-06 05:00:00,0.8100575
2026-10-06 06:00:00,0.97320235
2026-10-06 07:00:00,0.99109465
2026-10-06 08:00:00,0.88449264
2026-10-06 09:00:00,0.7575971
2026-10-06 10:00:00,0.60419804
2026-10-06 11:00:00,0.43220344
2026-10-06 12:00:00,0.2596334
2026-10-06 13:00:00,0.106100306
2026-10-06 14:00:00,0.02090026
2026-10-06 15:00:00,0.22093178
2026-10-06 16:00:00,0.39480945
2026-10-06 17:00:00,0.575835
2026-10-06 18:00:00,0.7725727
2026-10-06 19:00:00,0.89396137
2026-10-06 20:00:00,0.8498434
2026-10-06 21:00:00,0.73613006
2026-10-06 22:00:00,0.6116399
2026-10-06 23:00:00,0.4606151
2026-10-07 00:00:00,0.2951605
2026-10-07 01:00:00,0.13942708
2026-10-07 02:00:00,0.0384008
2026-10-07 03:00:00,0.2435374
2026-10-07 04:00:00,0.46929687
2026-10-07 05:00:00,0.65906423
2026-10-07 06:00:00,0.87604797
2026-10-07 07:00:00,1.0486608
2026-10-07 08:00:00,1.0545576
2026-10-07 09:00:00,0.92898494
2026-10-07 10:00:00,0.7911425
2026-10-07 11:00:00,0.6293438
2026-10-07 12:00:00,0.44939172
2026-10-07 13:00:00,0.26573738
2026-10-07 14:00:00,0.10018991
2026-10-07 15:00:00,0.017164765
2026-10-07 16:00:00,0.31028455
2026-10-07 17:00:00,0.4963238
2026-10-07 18:00:00,0.7294027
2026-10-07 19:00:00,0.9487981
2026-10-07 20:00:00,1.0576375
2026-10-07 21:00:00,0.9747026
2026-10-07 22:00:00,0.84091526
2026-10-07 23:00:00,0.68863153
2026-10-08 00:00:00,0.514624
2026-10-08 01:00:00,0.32914105
2026-10-08 02:00:00,0.15573856
2026-10-08 03:00:00,0.038013503
2026-10-08 04:00:00,0.26666287
2026-10-08 05:00:00,0.5139228
2026-10-08 06:00:00,0.7386654
2026-10-08 07:00:00,0.9746431
2026-10-08 08:00:00,1.127247
2026-10-08 09:00:00,1.0786139
2026-10-08 10:00:00,0.9338348
2026-10-08 11:00:00,0.7810619
2026-10-08 12:00:00,0.6007132
2026-10-08 13:00:00,0.4095118
2026-10-08 14:00:00,0.22276312
2026-10-08 15:00:00,0.062375356
2026-10-08 16:00:00,0.067691565
2026-10-08 17:00:00,0.43121144
2026-10-08 18:00:00,0.63257265
2026-10-08 19:00:00,0.89701194
2026-10-08 20:00:00,1.1197675
2026-10-08 21:00:00,1.1792972
2026-10-08 22:00:00,1.0492605
2026-10-08 23:00:00,0.89595205
2026-10-09 00:00:00,0.72579336
2026-10-09 01:00:00,0.5315813
2026-10-09 02:00:00,0.3329249
2026-10-09 03:00:00,0.15393919
2026-10-09 04:00:00,0.060790066
2026-10-09 05:00:00,0.4030156
2026-10-09 06:00:00,0.61080587
2026-10-09 07:00:00,0.87054044
2026-10-09 08:00:00,1.1053714
2026-10-09 09:00:00,1.2008983
2026-10-09 10:00:00,1.0845227
2026-10-09 11:00:00,0.93290097
2026-10-09 12:00:00,0.7674326
2026-10-09 13:00:00,0.57426083
2026-10-09 14:00:00,0.37147224
2026-10-09 15:00:00,0.18269093
2026-10-09 16:00:00,0.04248522
2026-10-09 17:00:00,0.25906673
2026-10-09 18:00:00,0.55732745
2026-10-09 19:00:00,0.8206381
2026-10-09 20:00:00,1.0922729
2026-10-09 21:00:00,1.2705023
2026-10-09 22:00:00,1.2476865
2026-10-09 23:00:00,1.0830289
2026-10-10 00:00:00,0.9164077
2026-10-10 01:00:00,0.72592103
2026-10-10 02:00:00,0.5149348
2026-10-10 03:00:00,0.31317744
2026-10-10 04:00:00,0.13666134
2026-10-10 05:00:00,0.13072887
2026-10-10 06:00:00,0.53269374
